{
	"@metadata": {
		"authors": []
	},
	"ARD_TYPE_CHAR": "Carattere",
	"ARD_TYPE_TEXT": "Testo",
	"ARD_TYPE_BOOL": "Booleano",
	"ARD_TYPE_SHORT": "Numero breve",
	"ARD_TYPE_NUMBER": "Numero",
	"ARD_TYPE_LONG": "Numero Lungo",
	"ARD_TYPE_DECIMAL": "Decimale",
	"ARD_TYPE_ARRAY": "Array",
	"ARD_TYPE_NULL": "Null",
	"ARD_TYPE_UNDEF": "Non definito",
	"ARD_TYPE_CHILDBLOCKMISSING": "Dipendenza mancante",
	"ARD_HIGH": "ALTO",
	"ARD_LOW": "BASSO",
	"ARD_ANALOGREAD": "leggi pin analogico #",
	"ARD_ANALOGREAD_TIP": "Ritorna un valore tra 0 e 1024",
	"ARD_ANALOGWRITE": "imposta il pin analogico #",
	"ARD_ANALOGWRITE_TIP": "Scrivi un valore analogico fra 0 e 255 su una Porta PWM specifica",
	"ARD_HIGHLOW_TIP": "Imposta lo stato logico del pin a Alto o Basso.",
	"ARD_DIGITALREAD": "leggi il pin digitale #",
	"ARD_DIGITALREAD_TIP": "Leggi il valore digitale su un pin: ALTO o BASSO",
	"ARD_DIGITALWRITE": "imposta il pin digitale #",
	"ARD_WRITE_TO": "a",
	"ARD_DIGITALWRITE_TIP": "Scrivi un valore digitale ALTO o BASSO su una Porta specifica",
	"ARD_BUILTIN_LED": "imposta il LED on-board",
	"ARD_BUILTIN_LED_TIP": "Accendi o spegni il LED on-board di Arduino",
	"ARD_DEFINE": "Definisci",
	"ARD_TONE_PIN": "Tono su PIN#",
	"ARD_TONE_FREQ": "frequenza",
	"ARD_TONE_PIN_TIP": "Genera dei toni audio su un pin.",
	"ARD_NOTONE_PIN": "Nessun tono sul PIN#",
	"ARD_NOTONE_PIN_TIP": "Ferma la generazione di un tono su un pin.",
	"ARD_MAP": "Mappa",
	"ARD_MAP_VAL": "valore a [0-",
	"ARD_MAP_TIP": "Mappa un numero nell'intervallo [0-1024] a un'altro numero.",
	"ARD_FUN_RUN_SETUP": "Setup Arduino:",
	"ARD_FUN_RUN_LOOP": "Loop Arduino:",
	"ARD_FUN_RUN_TIP": "Definisce le funzioni setup() e loop() di Arduino.",
	"ARD_PIN_WARN1": "Il Pin %1 è richiesto dal %2 come pin %3. Già usato come %4.",
	"ARD_SERIAL_SETUP": "Imposta",
	"ARD_SERIAL_SPEED": ": velocità a",
	"ARD_SERIAL_BPS": "bps",
	"ARD_SERIAL_SETUP_TIP": "Seleziona la velocità di una periferica Seriale",
	"ARD_SERIAL_PRINT": "stampa",
	"ARD_SERIAL_PRINT_NEWLINE": "aggiungi una nuova riga",
	"ARD_SERIAL_PRINT_TIP": "Stampa dei dati sulla console/porta seriale in un formato leggibile (ASCII).",
	"ARD_SERIAL_PRINT_WARN": "Per utilizzare questo blocco devi aggiungere un blocco di setup per %1 nell'area di lavoro!",
	"ARD_SERVO_WRITE": "configura un SERVO sul Pin",
	"ARD_SERVO_WRITE_TO": "a",
	"ARD_SERVO_WRITE_DEG_180": "(0~180) gradi",
	"ARD_SERVO_WRITE_TIP": "Imposta un Servo all'angolazione specificata",
	"ARD_SERVO_READ": "leggi SERVO dal Pin#",
	"ARD_SERVO_READ_TIP": "Leggi l'angolazione di un Servo motore",
	"ARD_SPI_SETUP": "Imposta",
	"ARD_SPI_SETUP_CONF": "configurazione:",
	"ARD_SPI_SETUP_SHIFT": "dati di correzione",
	"ARD_SPI_SETUP_MSBFIRST": "MSBFIRST",
	"ARD_SPI_SETUP_LSBFIRST": "LSBFIRST",
	"ARD_SPI_SETUP_DIVIDE": "divisione di frequenza",
	"ARD_SPI_SETUP_MODE": "modalità SPI (idle - edge)",
	"ARD_SPI_SETUP_MODE0": "0 (Basso - Discendente)",
	"ARD_SPI_SETUP_MODE1": "1 (Basso - Ascendente)",
	"ARD_SPI_SETUP_MODE2": "2 (Alto - Discendente)",
	"ARD_SPI_SETUP_MODE3": "3 (Alto - Ascendente)",
	"ARD_SPI_SETUP_TIP": "Configura la periferica SPI.",
	"ARD_SPI_TRANS_NONE": "vuoto",
	"ARD_SPI_TRANS_VAL": "trasferimento",
	"ARD_SPI_TRANS_SLAVE": "al pin slave",
	"ARD_SPI_TRANS_TIP": "Invia un messaggio SPI al dispositivo slave specificato.",
	"ARD_SPI_TRANS_WARN1": "Per utilizzare questo blocco devi aggiungere un blocco di setup per %1 nell'area di lavoro!",
	"ARD_SPI_TRANS_WARN2": "Il precedente valore del pin %1 non è più disponibile.",
	"ARD_SPI_TRANSRETURN_TIP": "Invia un messaggio SPI al dispositivo slave specificato e ricevi indietro dei dati.",
	"ARD_STEPPER_SETUP": "Imposta un motore stepper",
	"ARD_STEPPER_MOTOR": "motore stepper:",
	"ARD_STEPPER_DEFAULT_NAME": "MyStepper",
	"ARD_STEPPER_NUMBER_OF_PINS": "Numero di pin",
	"ARD_STEPPER_TWO_PINS": "2",
	"ARD_STEPPER_FOUR_PINS": "4",
	"ARD_STEPPER_PIN1": "pin1#",
	"ARD_STEPPER_PIN2": "pin2#",
	"ARD_STEPPER_PIN3": "pin3#",
	"ARD_STEPPER_PIN4": "pin4#",
	"ARD_STEPPER_REVOLVS": "quanti passi per ogni rotazione",
	"ARD_STEPPER_SPEED": "imposta la velocità (rpm) a",
	"ARD_STEPPER_SETUP_TIP": "Configura i pin e altre impostazioni di un motore stepper.",
	"ARD_STEPPER_STEP": "muovi stepper",
	"ARD_STEPPER_STEPS": "passi",
	"ARD_STEPPER_STEP_TIP": "Fai girare di un certo numero di passi il motore stepper.",
	"ARD_STEPPER_COMPONENT": "stepper",
	"ARD_COMPONENT_WARN1": "Un blocco di configurazione %1 con lo stesso nome %2 va aggiunto a questo blocco!",
	"ARD_TIME_DELAY": "attendi",
	"ARD_TIME_MS": "millisecondi",
	"ARD_TIME_DELAY_TIP": "Aspetta per un intervallo di tempo in millisecondi",
	"ARD_TIME_DELAY_MICROS": "microsecondi",
	"ARD_TIME_DELAY_MICRO_TIP": "Attendi per uno specifico intervallo di tempo in microsecondi",
	"ARD_TIME_MILLIS": "Tempo passato in questo momento (millisecondi)",
	"ARD_TIME_MILLIS_TIP": "Restituisce il numero di millisecondi da quando la scheda Arduino ha iniziato a eseguire il programma. Deve essere salvato in una variabile positiva di tipo long integer",
	"ARD_TIME_MICROS": "Tempo passato in questo momento (microsecondi)",
	"ARD_TIME_MICROS_TIP": "Restituisce il numero di millisecondi da quando la scheda Arduino ha iniziato a eseguire il programma. Deve essere salvato in una variabile positiva di tipo long integer",
	"ARD_TIME_INF": "attendi per sempre (fine del programma)",
	"ARD_TIME_INF_TIP": "Attende per un tempo infinito, cioè il programma termina.",
	"ARD_VAR_AS": "come",
	"ARD_VAR_AS_TIP": "Imposta un tipo di valore",
	"ARD_PULSE_READ": "misura %1 impulso sul pin #%2",
	"ARD_PULSE_READ_TIMEOUT": "misura %1 impulso sul pin #%2 (timeout dopo %3 μs)",
	"ARD_PULSE_TIP": "Misura la durata di un impulso sul pin selezionato.",
	"ARD_PULSETIMEOUT_TIP": "Misura la durata di un impulso sul pin selezionato, se è compreso all'interno del timeout.",
	"ARD_SETTONE": "Imposta un tono sul pin #",
	"ARD_TONEFREQ": "alla frequenza di",
	"ARD_TONE_TIP": "Imposta un tono sul pin alla frequenza specificata in un intervallo fra 31 e 65535",
	"ARD_TONE_WARNING": "La frequenza dev'essere compresa fra 31 e 65535",
	"ARD_NOTONE": "Spegne il tono sul pin #",
	"ARD_NOTONE_TIP": "Spegne il tono sul pin selezionato",
	"NEW_INSTANCE": "Nuova istanza...",
	"RENAME_INSTANCE": "Rinomina istanza...",
	"NEW_INSTANCE_TITLE": "Nuovo nome dell'istanza:",
	"RENAME_INSTANCE_TITLE": "Rinomina tutte le '%1' istanze a:"
}
