{
	"ARD_TYPE_CHAR": "Arduino Types - Character C type char",
	"ARD_TYPE_TEXT": "Arduino Types - Text C type String",
	"ARD_TYPE_BOOL": "Arduino Types - Boolean type",
	"ARD_TYPE_SHORT": "Arduino Types - Short number C type char",
	"ARD_TYPE_NUMBER": "Arduino Types - Number C type integer",
	"ARD_TYPE_LONG": "Arduino Types - Large number C type long integer",
	"ARD_TYPE_DECIMAL": "Arduino Types - Decimal number C type floating point",
	"ARD_TYPE_ARRAY": "Arduino Types - Array",
	"ARD_TYPE_NULL": "Arduino Types - Null C type void",
	"ARD_TYPE_UNDEF": "Arduino Types - Undefined type",
	"ARD_TYPE_CHILDBLOCKMISSING": "Arduino Types - Place holder value, indicates block with type not connected",
	"ARD_HIGH": "Arduino Blocks",
	"ARD_LOW": "",
	"ARD_ANALOGREAD": "",
	"ARD_ANALOGREAD_TIP": "",
	"ARD_ANALOGWRITE": "",
	"ARD_ANALOGWRITE_TIP": "",
	"ARD_HIGHLOW_TIP": "",
	"ARD_DIGITALREAD": "",
	"ARD_DIGITALREAD_TIP": "",
	"ARD_DIGITALWRITE": "",
	"ARD_WRITE_TO": "",
	"ARD_DIGITALWRITE_TIP": "",
	"ARD_BUILTIN_LED": "",
	"ARD_BUILTIN_LED_TIP": "",
	"ARD_DEFINE": "",
	"ARD_TONE_PIN": "",
	"ARD_TONE_FREQ": "",
	"ARD_TONE_PIN_TIP": "",
	"ARD_NOTONE_PIN": "",
	"ARD_NOTONE_PIN_TIP": "",
	"ARD_MAP": "",
	"ARD_MAP_VAL": "",
	"ARD_MAP_TIP": "",
	"ARD_FUN_RUN_SETUP": "",
	"ARD_FUN_RUN_LOOP": "",
	"ARD_FUN_RUN_TIP": "",
	"ARD_PIN_WARN1": "",
	"ARD_SERIAL_SETUP": "",
	"ARD_SERIAL_SPEED": "",
	"ARD_SERIAL_BPS": "",
	"ARD_SERIAL_SETUP_TIP": "",
	"ARD_SERIAL_PRINT": "",
	"ARD_SERIAL_PRINT_NEWLINE": "",
	"ARD_SERIAL_PRINT_TIP": "",
	"ARD_SERIAL_PRINT_WARN": "",
	"ARD_SERVO_WRITE": "",
	"ARD_SERVO_WRITE_TO": "",
	"ARD_SERVO_WRITE_DEG_180": "",
	"ARD_SERVO_WRITE_TIP": "",
	"ARD_SERVO_READ": "",
	"ARD_SERVO_READ_TIP": "",
	"ARD_SPI_SETUP": "",
	"ARD_SPI_SETUP_CONF": "",
	"ARD_SPI_SETUP_SHIFT": "",
	"ARD_SPI_SETUP_MSBFIRST": "",
	"ARD_SPI_SETUP_LSBFIRST": "",
	"ARD_SPI_SETUP_DIVIDE": "",
	"ARD_SPI_SETUP_MODE": "",
	"ARD_SPI_SETUP_MODE0": "",
	"ARD_SPI_SETUP_MODE1": "",
	"ARD_SPI_SETUP_MODE2": "",
	"ARD_SPI_SETUP_MODE3": "",
	"ARD_SPI_SETUP_TIP": "",
	"ARD_SPI_TRANS_NONE": "",
	"ARD_SPI_TRANS_VAL": "",
	"ARD_SPI_TRANS_SLAVE": "",
	"ARD_SPI_TRANS_TIP": "",
	"ARD_SPI_TRANS_WARN1": "",
	"ARD_SPI_TRANS_WARN2": "",
	"ARD_SPI_TRANSRETURN_TIP": "",
	"ARD_STEPPER_SETUP": "",
	"ARD_STEPPER_MOTOR": "",
	"ARD_STEPPER_DEFAULT_NAME": "",
	"ARD_STEPPER_NUMBER_OF_PINS": "",
	"ARD_STEPPER_TWO_PINS": "",
	"ARD_STEPPER_FOUR_PINS": "",
	"ARD_STEPPER_PIN1": "",
	"ARD_STEPPER_PIN2": "",
	"ARD_STEPPER_PIN3": "",
	"ARD_STEPPER_PIN4": "",
	"ARD_STEPPER_REVOLVS": "",
	"ARD_STEPPER_SPEED": "",
	"ARD_STEPPER_SETUP_TIP": "",
	"ARD_STEPPER_STEP": "",
	"ARD_STEPPER_STEPS": "",
	"ARD_STEPPER_STEP_TIP": "",
	"ARD_STEPPER_COMPONENT": "",
	"ARD_COMPONENT_WARN1": "",
	"ARD_TIME_DELAY": "",
	"ARD_TIME_MS": "",
	"ARD_TIME_DELAY_TIP": "",
	"ARD_TIME_DELAY_MICROS": "",
	"ARD_TIME_DELAY_MICRO_TIP": "",
	"ARD_TIME_MILLIS": "",
	"ARD_TIME_MILLIS_TIP": "",
	"ARD_TIME_MICROS": "",
	"ARD_TIME_MICROS_TIP": "",
	"ARD_TIME_INF": "",
	"ARD_TIME_INF_TIP": "",
	"ARD_VAR_AS": "",
	"ARD_VAR_AS_TIP": "",
	"ARD_PULSE_READ": "IO blocks - pulseIn - Block for function pulseIn(), it measure a pulse duration in a given pin.",
	"ARD_PULSE_READ_TIMEOUT": "IO blocks - pulseIn - Block similar to ARD_PULSE_READ, but it adds a time-out in microseconds.",
	"ARD_PULSE_TIP": "IO blocks - pulseIn - Tooltip for pulseIn() block.",
	"ARD_PULSETIMEOUT_TIP": "IO blocks - pulseIn - Tooltip for pulseIn() block when it uses the optional argument for time-out.",
	"ARD_SETTONE": "",
	"ARD_TONEFREQ": "",
	"ARD_TONE_TIP": "",
	"ARD_TONE_WARNING": "",
	"ARD_NOTONE": "",
	"ARD_NOTONE_TIP": "",
	"NEW_INSTANCE": "Instances - Menu item to indicate that it will create a new instance",
	"RENAME_INSTANCE": "Instances - Menu item to rename an instance name",
	"NEW_INSTANCE_TITLE": "Instances - Menu item to create a new instance name and apply it to that block",
	"RENAME_INSTANCE_TITLE": "Instances - Confirmation message that a number of instances will be renamed to a new name"
}
