<xml xmlns="http://www.w3.org/1999/xhtml">
  <block type="serial_setup" x="21" y="45">
    <field name="SERIAL_ID">Serial</field>
    <field name="SPEED">9600</field>
  </block>
  <block type="arduino_functions" x="21" y="111">
    <statement name="SETUP_FUNC">
      <block type="serial_print">
        <field name="SERIAL_ID">Serial</field>
        <field name="NEW_LINE">TRUE</field>
        <value name="CONTENT">
          <block type="text">
            <field name="TEXT">The temperatues are displayed in Centigrades:</field>
          </block>
        </value>
      </block>
    </statement>
    <statement name="LOOP_FUNC">
      <block type="serial_print">
        <field name="SERIAL_ID">Serial</field>
        <field name="NEW_LINE">TRUE</field>
        <value name="CONTENT">
          <block type="text_join">
            <mutation items="2"></mutation>
            <value name="ADD0">
              <block type="text">
                <field name="TEXT">Temperature is: </field>
              </block>
            </value>
            <value name="ADD1">
              <block type="grove_temperature">
                <field name="CONNECTOR">A1</field>
              </block>
            </value>
          </block>
        </value>
        <next>
          <block type="time_delay">
            <value name="DELAY_TIME_MILI">
              <block type="math_number">
                <field name="NUM">500</field>
              </block>
            </value>
          </block>
        </next>
      </block>
    </statement>
  </block>
</xml>